audience,us_display_size,fits_us_size,length_min_in,length_max_in,br_size,brand,market,source_url,source_checked
women,6,5.5-6,8.8,9.3,35-36,Havaianas,United States,https://www.havaianas.com/pages/style-guide,2026-09-22
women,7-8,6.5-8,9.3,9.8,37-38,Havaianas,United States,https://www.havaianas.com/pages/style-guide,2026-09-22
women,9-10,8.5-10,9.9,10.4,39-40,Havaianas,United States,https://www.havaianas.com/pages/style-guide,2026-09-22
women,11-12,10.5-12,10.5,10.9,41-42,Havaianas,United States,https://www.havaianas.com/pages/style-guide,2026-09-22
men,8,8,9.9,10.4,39-40,Havaianas,United States,https://www.havaianas.com/pages/style-guide,2026-09-22
men,9-10,8.5-10,10.5,10.9,41-42,Havaianas,United States,https://www.havaianas.com/pages/style-guide,2026-09-22
men,11-12,10.5-12,11,11.4,43-44,Havaianas,United States,https://www.havaianas.com/pages/style-guide,2026-09-22
men,13,12.5-13,11.5,11.9,45-46,Havaianas,United States,https://www.havaianas.com/pages/style-guide,2026-09-22
men,14,13.5-14,12,12.4,47-48,Havaianas,United States,https://www.havaianas.com/pages/style-guide,2026-09-22
