foot_length_cm,eu_size,br_size,brand,market,category,source_url,source_checked
22,35-36,33-34,Melissa,Europe,adult,https://eu.shopmelissa.com/en-mt/pages/size-guide,2026-09-09
23,37,35,Melissa,Europe,adult,https://eu.shopmelissa.com/en-mt/pages/size-guide,2026-09-09
24,38,36,Melissa,Europe,adult,https://eu.shopmelissa.com/en-mt/pages/size-guide,2026-09-09
24.5,39,37,Melissa,Europe,adult,https://eu.shopmelissa.com/en-mt/pages/size-guide,2026-09-09
25.5,40,38,Melissa,Europe,adult,https://eu.shopmelissa.com/en-mt/pages/size-guide,2026-09-09
26.5,41-42,39-40,Melissa,Europe,adult,https://eu.shopmelissa.com/en-mt/pages/size-guide,2026-09-09
27,43,41,Melissa,Europe,adult,https://eu.shopmelissa.com/en-mt/pages/size-guide,2026-09-09
28,44,42,Melissa,Europe,adult,https://eu.shopmelissa.com/en-mt/pages/size-guide,2026-09-09
29,45-46,43-44,Melissa,Europe,adult,https://eu.shopmelissa.com/en-mt/pages/size-guide,2026-09-09
